state_ut,city_town,source_name,source_type,source_url,enabled,notes
Andhra Pradesh,Visakhapatnam,Google News/manual web source placeholder,3PD-C,https://news.google.com/search?q=Visakhapatnam+real+estate+growth+areas+plots,True,Replace with allowed official/portal source where available
Andhra Pradesh,Vijayawada,Google News/manual web source placeholder,3PD-C,https://news.google.com/search?q=Vijayawada+real+estate+growth+areas+plots,True,Replace with allowed official/portal source where available
Andhra Pradesh,Guntur,Google News/manual web source placeholder,3PD-C,https://news.google.com/search?q=Guntur+real+estate+growth+areas+plots,True,Replace with allowed official/portal source where available
Andhra Pradesh,Tirupati,Google News/manual web source placeholder,3PD-C,https://news.google.com/search?q=Tirupati+real+estate+growth+areas+plots,True,Replace with allowed official/portal source where available
Andhra Pradesh,Kurnool,Google News/manual web source placeholder,3PD-C,https://news.google.com/search?q=Kurnool+real+estate+growth+areas+plots,True,Replace with allowed official/portal source where available
Arunachal Pradesh,Itanagar,Google News/manual web source placeholder,3PD-C,https://news.google.com/search?q=Itanagar+real+estate+growth+areas+plots,True,Replace with allowed official/portal source where available
Arunachal Pradesh,Naharlagun,Google News/manual web source placeholder,3PD-C,https://news.google.com/search?q=Naharlagun+real+estate+growth+areas+plots,True,Replace with allowed official/portal source where available
Arunachal Pradesh,Pasighat,Google News/manual web source placeholder,3PD-C,https://news.google.com/search?q=Pasighat+real+estate+growth+areas+plots,True,Replace with allowed official/portal source where available
Arunachal Pradesh,Tawang,Google News/manual web source placeholder,3PD-C,https://news.google.com/search?q=Tawang+real+estate+growth+areas+plots,True,Replace with allowed official/portal source where available
Arunachal Pradesh,Ziro,Google News/manual web source placeholder,3PD-C,https://news.google.com/search?q=Ziro+real+estate+growth+areas+plots,True,Replace with allowed official/portal source where available
Assam,Guwahati,Google News/manual web source placeholder,3PD-C,https://news.google.com/search?q=Guwahati+real+estate+growth+areas+plots,True,Replace with allowed official/portal source where available
Assam,Dibrugarh,Google News/manual web source placeholder,3PD-C,https://news.google.com/search?q=Dibrugarh+real+estate+growth+areas+plots,True,Replace with allowed official/portal source where available
Assam,Silchar,Google News/manual web source placeholder,3PD-C,https://news.google.com/search?q=Silchar+real+estate+growth+areas+plots,True,Replace with allowed official/portal source where available
Assam,Jorhat,Google News/manual web source placeholder,3PD-C,https://news.google.com/search?q=Jorhat+real+estate+growth+areas+plots,True,Replace with allowed official/portal source where available
Assam,Tezpur,Google News/manual web source placeholder,3PD-C,https://news.google.com/search?q=Tezpur+real+estate+growth+areas+plots,True,Replace with allowed official/portal source where available
Bihar,Patna,Google News/manual web source placeholder,3PD-C,https://news.google.com/search?q=Patna+real+estate+growth+areas+plots,True,Replace with allowed official/portal source where available
Bihar,Gaya,Google News/manual web source placeholder,3PD-C,https://news.google.com/search?q=Gaya+real+estate+growth+areas+plots,True,Replace with allowed official/portal source where available
Bihar,Muzaffarpur,Google News/manual web source placeholder,3PD-C,https://news.google.com/search?q=Muzaffarpur+real+estate+growth+areas+plots,True,Replace with allowed official/portal source where available
Bihar,Bhagalpur,Google News/manual web source placeholder,3PD-C,https://news.google.com/search?q=Bhagalpur+real+estate+growth+areas+plots,True,Replace with allowed official/portal source where available
Bihar,Darbhanga,Google News/manual web source placeholder,3PD-C,https://news.google.com/search?q=Darbhanga+real+estate+growth+areas+plots,True,Replace with allowed official/portal source where available
Chhattisgarh,Raipur,Google News/manual web source placeholder,3PD-C,https://news.google.com/search?q=Raipur+real+estate+growth+areas+plots,True,Replace with allowed official/portal source where available
Chhattisgarh,Bhilai,Google News/manual web source placeholder,3PD-C,https://news.google.com/search?q=Bhilai+real+estate+growth+areas+plots,True,Replace with allowed official/portal source where available
Chhattisgarh,Bilaspur,Google News/manual web source placeholder,3PD-C,https://news.google.com/search?q=Bilaspur+real+estate+growth+areas+plots,True,Replace with allowed official/portal source where available
Chhattisgarh,Korba,Google News/manual web source placeholder,3PD-C,https://news.google.com/search?q=Korba+real+estate+growth+areas+plots,True,Replace with allowed official/portal source where available
Chhattisgarh,Durg,Google News/manual web source placeholder,3PD-C,https://news.google.com/search?q=Durg+real+estate+growth+areas+plots,True,Replace with allowed official/portal source where available
Goa,Panaji,Google News/manual web source placeholder,3PD-C,https://news.google.com/search?q=Panaji+real+estate+growth+areas+plots,True,Replace with allowed official/portal source where available
Goa,Margao,Google News/manual web source placeholder,3PD-C,https://news.google.com/search?q=Margao+real+estate+growth+areas+plots,True,Replace with allowed official/portal source where available
Goa,Mapusa,Google News/manual web source placeholder,3PD-C,https://news.google.com/search?q=Mapusa+real+estate+growth+areas+plots,True,Replace with allowed official/portal source where available
Goa,Vasco da Gama,Google News/manual web source placeholder,3PD-C,https://news.google.com/search?q=Vasco+da+Gama+real+estate+growth+areas+plots,True,Replace with allowed official/portal source where available
Goa,Ponda,Google News/manual web source placeholder,3PD-C,https://news.google.com/search?q=Ponda+real+estate+growth+areas+plots,True,Replace with allowed official/portal source where available
Gujarat,Ahmedabad,Google News/manual web source placeholder,3PD-C,https://news.google.com/search?q=Ahmedabad+real+estate+growth+areas+plots,True,Replace with allowed official/portal source where available
Gujarat,Surat,Google News/manual web source placeholder,3PD-C,https://news.google.com/search?q=Surat+real+estate+growth+areas+plots,True,Replace with allowed official/portal source where available
Gujarat,Vadodara,Google News/manual web source placeholder,3PD-C,https://news.google.com/search?q=Vadodara+real+estate+growth+areas+plots,True,Replace with allowed official/portal source where available
Gujarat,Rajkot,Google News/manual web source placeholder,3PD-C,https://news.google.com/search?q=Rajkot+real+estate+growth+areas+plots,True,Replace with allowed official/portal source where available
Gujarat,Gandhinagar,Google News/manual web source placeholder,3PD-C,https://news.google.com/search?q=Gandhinagar+real+estate+growth+areas+plots,True,Replace with allowed official/portal source where available
Haryana,Gurugram,Google News/manual web source placeholder,3PD-C,https://news.google.com/search?q=Gurugram+real+estate+growth+areas+plots,True,Replace with allowed official/portal source where available
Haryana,Faridabad,Google News/manual web source placeholder,3PD-C,https://news.google.com/search?q=Faridabad+real+estate+growth+areas+plots,True,Replace with allowed official/portal source where available
Haryana,Sonipat,Google News/manual web source placeholder,3PD-C,https://news.google.com/search?q=Sonipat+real+estate+growth+areas+plots,True,Replace with allowed official/portal source where available
Haryana,Panipat,Google News/manual web source placeholder,3PD-C,https://news.google.com/search?q=Panipat+real+estate+growth+areas+plots,True,Replace with allowed official/portal source where available
Haryana,Karnal,Google News/manual web source placeholder,3PD-C,https://news.google.com/search?q=Karnal+real+estate+growth+areas+plots,True,Replace with allowed official/portal source where available
Himachal Pradesh,Shimla,Google News/manual web source placeholder,3PD-C,https://news.google.com/search?q=Shimla+real+estate+growth+areas+plots,True,Replace with allowed official/portal source where available
Himachal Pradesh,Solan,Google News/manual web source placeholder,3PD-C,https://news.google.com/search?q=Solan+real+estate+growth+areas+plots,True,Replace with allowed official/portal source where available
Himachal Pradesh,Dharamshala,Google News/manual web source placeholder,3PD-C,https://news.google.com/search?q=Dharamshala+real+estate+growth+areas+plots,True,Replace with allowed official/portal source where available
Himachal Pradesh,Mandi,Google News/manual web source placeholder,3PD-C,https://news.google.com/search?q=Mandi+real+estate+growth+areas+plots,True,Replace with allowed official/portal source where available
Himachal Pradesh,Kullu,Google News/manual web source placeholder,3PD-C,https://news.google.com/search?q=Kullu+real+estate+growth+areas+plots,True,Replace with allowed official/portal source where available
Jharkhand,Ranchi,Google News/manual web source placeholder,3PD-C,https://news.google.com/search?q=Ranchi+real+estate+growth+areas+plots,True,Replace with allowed official/portal source where available
Jharkhand,Jamshedpur,Google News/manual web source placeholder,3PD-C,https://news.google.com/search?q=Jamshedpur+real+estate+growth+areas+plots,True,Replace with allowed official/portal source where available
Jharkhand,Dhanbad,Google News/manual web source placeholder,3PD-C,https://news.google.com/search?q=Dhanbad+real+estate+growth+areas+plots,True,Replace with allowed official/portal source where available
Jharkhand,Bokaro,Google News/manual web source placeholder,3PD-C,https://news.google.com/search?q=Bokaro+real+estate+growth+areas+plots,True,Replace with allowed official/portal source where available
Jharkhand,Deoghar,Google News/manual web source placeholder,3PD-C,https://news.google.com/search?q=Deoghar+real+estate+growth+areas+plots,True,Replace with allowed official/portal source where available
Karnataka,Bengaluru,Google News/manual web source placeholder,3PD-C,https://news.google.com/search?q=Bengaluru+real+estate+growth+areas+plots,True,Replace with allowed official/portal source where available
Karnataka,Mysuru,Google News/manual web source placeholder,3PD-C,https://news.google.com/search?q=Mysuru+real+estate+growth+areas+plots,True,Replace with allowed official/portal source where available
Karnataka,Mangaluru,Google News/manual web source placeholder,3PD-C,https://news.google.com/search?q=Mangaluru+real+estate+growth+areas+plots,True,Replace with allowed official/portal source where available
Karnataka,Hubballi-Dharwad,Google News/manual web source placeholder,3PD-C,https://news.google.com/search?q=Hubballi-Dharwad+real+estate+growth+areas+plots,True,Replace with allowed official/portal source where available
Karnataka,Belagavi,Google News/manual web source placeholder,3PD-C,https://news.google.com/search?q=Belagavi+real+estate+growth+areas+plots,True,Replace with allowed official/portal source where available
Kerala,Kochi,Google News/manual web source placeholder,3PD-C,https://news.google.com/search?q=Kochi+real+estate+growth+areas+plots,True,Replace with allowed official/portal source where available
Kerala,Thiruvananthapuram,Google News/manual web source placeholder,3PD-C,https://news.google.com/search?q=Thiruvananthapuram+real+estate+growth+areas+plots,True,Replace with allowed official/portal source where available
Kerala,Kozhikode,Google News/manual web source placeholder,3PD-C,https://news.google.com/search?q=Kozhikode+real+estate+growth+areas+plots,True,Replace with allowed official/portal source where available
Kerala,Thrissur,Google News/manual web source placeholder,3PD-C,https://news.google.com/search?q=Thrissur+real+estate+growth+areas+plots,True,Replace with allowed official/portal source where available
Kerala,Kollam,Google News/manual web source placeholder,3PD-C,https://news.google.com/search?q=Kollam+real+estate+growth+areas+plots,True,Replace with allowed official/portal source where available
Madhya Pradesh,Indore,Google News/manual web source placeholder,3PD-C,https://news.google.com/search?q=Indore+real+estate+growth+areas+plots,True,Replace with allowed official/portal source where available
Madhya Pradesh,Bhopal,Google News/manual web source placeholder,3PD-C,https://news.google.com/search?q=Bhopal+real+estate+growth+areas+plots,True,Replace with allowed official/portal source where available
Madhya Pradesh,Jabalpur,Google News/manual web source placeholder,3PD-C,https://news.google.com/search?q=Jabalpur+real+estate+growth+areas+plots,True,Replace with allowed official/portal source where available
Madhya Pradesh,Gwalior,Google News/manual web source placeholder,3PD-C,https://news.google.com/search?q=Gwalior+real+estate+growth+areas+plots,True,Replace with allowed official/portal source where available
Madhya Pradesh,Ujjain,Google News/manual web source placeholder,3PD-C,https://news.google.com/search?q=Ujjain+real+estate+growth+areas+plots,True,Replace with allowed official/portal source where available
Maharashtra,Mumbai Metropolitan Region,Google News/manual web source placeholder,3PD-C,https://news.google.com/search?q=Mumbai+Metropolitan+Region+real+estate+growth+areas+plots,True,Replace with allowed official/portal source where available
Maharashtra,Pune,Google News/manual web source placeholder,3PD-C,https://news.google.com/search?q=Pune+real+estate+growth+areas+plots,True,Replace with allowed official/portal source where available
Maharashtra,Nagpur,Google News/manual web source placeholder,3PD-C,https://news.google.com/search?q=Nagpur+real+estate+growth+areas+plots,True,Replace with allowed official/portal source where available
Maharashtra,Nashik,Google News/manual web source placeholder,3PD-C,https://news.google.com/search?q=Nashik+real+estate+growth+areas+plots,True,Replace with allowed official/portal source where available
Maharashtra,Aurangabad,Google News/manual web source placeholder,3PD-C,https://news.google.com/search?q=Aurangabad+real+estate+growth+areas+plots,True,Replace with allowed official/portal source where available
Manipur,Imphal,Google News/manual web source placeholder,3PD-C,https://news.google.com/search?q=Imphal+real+estate+growth+areas+plots,True,Replace with allowed official/portal source where available
Manipur,Thoubal,Google News/manual web source placeholder,3PD-C,https://news.google.com/search?q=Thoubal+real+estate+growth+areas+plots,True,Replace with allowed official/portal source where available
Manipur,Bishnupur,Google News/manual web source placeholder,3PD-C,https://news.google.com/search?q=Bishnupur+real+estate+growth+areas+plots,True,Replace with allowed official/portal source where available
Manipur,Churachandpur,Google News/manual web source placeholder,3PD-C,https://news.google.com/search?q=Churachandpur+real+estate+growth+areas+plots,True,Replace with allowed official/portal source where available
Manipur,Kakching,Google News/manual web source placeholder,3PD-C,https://news.google.com/search?q=Kakching+real+estate+growth+areas+plots,True,Replace with allowed official/portal source where available
Meghalaya,Shillong,Google News/manual web source placeholder,3PD-C,https://news.google.com/search?q=Shillong+real+estate+growth+areas+plots,True,Replace with allowed official/portal source where available
Meghalaya,Tura,Google News/manual web source placeholder,3PD-C,https://news.google.com/search?q=Tura+real+estate+growth+areas+plots,True,Replace with allowed official/portal source where available
Meghalaya,Jowai,Google News/manual web source placeholder,3PD-C,https://news.google.com/search?q=Jowai+real+estate+growth+areas+plots,True,Replace with allowed official/portal source where available
Meghalaya,Nongpoh,Google News/manual web source placeholder,3PD-C,https://news.google.com/search?q=Nongpoh+real+estate+growth+areas+plots,True,Replace with allowed official/portal source where available
Meghalaya,Williamnagar,Google News/manual web source placeholder,3PD-C,https://news.google.com/search?q=Williamnagar+real+estate+growth+areas+plots,True,Replace with allowed official/portal source where available
Mizoram,Aizawl,Google News/manual web source placeholder,3PD-C,https://news.google.com/search?q=Aizawl+real+estate+growth+areas+plots,True,Replace with allowed official/portal source where available
Mizoram,Lunglei,Google News/manual web source placeholder,3PD-C,https://news.google.com/search?q=Lunglei+real+estate+growth+areas+plots,True,Replace with allowed official/portal source where available
Mizoram,Champhai,Google News/manual web source placeholder,3PD-C,https://news.google.com/search?q=Champhai+real+estate+growth+areas+plots,True,Replace with allowed official/portal source where available
Mizoram,Serchhip,Google News/manual web source placeholder,3PD-C,https://news.google.com/search?q=Serchhip+real+estate+growth+areas+plots,True,Replace with allowed official/portal source where available
Mizoram,Kolasib,Google News/manual web source placeholder,3PD-C,https://news.google.com/search?q=Kolasib+real+estate+growth+areas+plots,True,Replace with allowed official/portal source where available
Nagaland,Dimapur,Google News/manual web source placeholder,3PD-C,https://news.google.com/search?q=Dimapur+real+estate+growth+areas+plots,True,Replace with allowed official/portal source where available
Nagaland,Kohima,Google News/manual web source placeholder,3PD-C,https://news.google.com/search?q=Kohima+real+estate+growth+areas+plots,True,Replace with allowed official/portal source where available
Nagaland,Mokokchung,Google News/manual web source placeholder,3PD-C,https://news.google.com/search?q=Mokokchung+real+estate+growth+areas+plots,True,Replace with allowed official/portal source where available
Nagaland,Wokha,Google News/manual web source placeholder,3PD-C,https://news.google.com/search?q=Wokha+real+estate+growth+areas+plots,True,Replace with allowed official/portal source where available
Nagaland,Tuensang,Google News/manual web source placeholder,3PD-C,https://news.google.com/search?q=Tuensang+real+estate+growth+areas+plots,True,Replace with allowed official/portal source where available
Odisha,Bhubaneswar,Google News/manual web source placeholder,3PD-C,https://news.google.com/search?q=Bhubaneswar+real+estate+growth+areas+plots,True,Replace with allowed official/portal source where available
Odisha,Cuttack,Google News/manual web source placeholder,3PD-C,https://news.google.com/search?q=Cuttack+real+estate+growth+areas+plots,True,Replace with allowed official/portal source where available
Odisha,Rourkela,Google News/manual web source placeholder,3PD-C,https://news.google.com/search?q=Rourkela+real+estate+growth+areas+plots,True,Replace with allowed official/portal source where available
Odisha,Puri,Google News/manual web source placeholder,3PD-C,https://news.google.com/search?q=Puri+real+estate+growth+areas+plots,True,Replace with allowed official/portal source where available
Odisha,Sambalpur,Google News/manual web source placeholder,3PD-C,https://news.google.com/search?q=Sambalpur+real+estate+growth+areas+plots,True,Replace with allowed official/portal source where available
Punjab,Mohali,Google News/manual web source placeholder,3PD-C,https://news.google.com/search?q=Mohali+real+estate+growth+areas+plots,True,Replace with allowed official/portal source where available
Punjab,Ludhiana,Google News/manual web source placeholder,3PD-C,https://news.google.com/search?q=Ludhiana+real+estate+growth+areas+plots,True,Replace with allowed official/portal source where available
Punjab,Amritsar,Google News/manual web source placeholder,3PD-C,https://news.google.com/search?q=Amritsar+real+estate+growth+areas+plots,True,Replace with allowed official/portal source where available
Punjab,Jalandhar,Google News/manual web source placeholder,3PD-C,https://news.google.com/search?q=Jalandhar+real+estate+growth+areas+plots,True,Replace with allowed official/portal source where available
Punjab,Patiala,Google News/manual web source placeholder,3PD-C,https://news.google.com/search?q=Patiala+real+estate+growth+areas+plots,True,Replace with allowed official/portal source where available
Rajasthan,Jaipur,Google News/manual web source placeholder,3PD-C,https://news.google.com/search?q=Jaipur+real+estate+growth+areas+plots,True,Replace with allowed official/portal source where available
Rajasthan,Udaipur,Google News/manual web source placeholder,3PD-C,https://news.google.com/search?q=Udaipur+real+estate+growth+areas+plots,True,Replace with allowed official/portal source where available
Rajasthan,Jodhpur,Google News/manual web source placeholder,3PD-C,https://news.google.com/search?q=Jodhpur+real+estate+growth+areas+plots,True,Replace with allowed official/portal source where available
Rajasthan,Kota,Google News/manual web source placeholder,3PD-C,https://news.google.com/search?q=Kota+real+estate+growth+areas+plots,True,Replace with allowed official/portal source where available
Rajasthan,Ajmer,Google News/manual web source placeholder,3PD-C,https://news.google.com/search?q=Ajmer+real+estate+growth+areas+plots,True,Replace with allowed official/portal source where available
Sikkim,Gangtok,Google News/manual web source placeholder,3PD-C,https://news.google.com/search?q=Gangtok+real+estate+growth+areas+plots,True,Replace with allowed official/portal source where available
Sikkim,Namchi,Google News/manual web source placeholder,3PD-C,https://news.google.com/search?q=Namchi+real+estate+growth+areas+plots,True,Replace with allowed official/portal source where available
Sikkim,Gyalshing,Google News/manual web source placeholder,3PD-C,https://news.google.com/search?q=Gyalshing+real+estate+growth+areas+plots,True,Replace with allowed official/portal source where available
Sikkim,Mangan,Google News/manual web source placeholder,3PD-C,https://news.google.com/search?q=Mangan+real+estate+growth+areas+plots,True,Replace with allowed official/portal source where available
Sikkim,Rangpo,Google News/manual web source placeholder,3PD-C,https://news.google.com/search?q=Rangpo+real+estate+growth+areas+plots,True,Replace with allowed official/portal source where available
Tamil Nadu,Chennai,Google News/manual web source placeholder,3PD-C,https://news.google.com/search?q=Chennai+real+estate+growth+areas+plots,True,Replace with allowed official/portal source where available
Tamil Nadu,Coimbatore,Google News/manual web source placeholder,3PD-C,https://news.google.com/search?q=Coimbatore+real+estate+growth+areas+plots,True,Replace with allowed official/portal source where available
Tamil Nadu,Madurai,Google News/manual web source placeholder,3PD-C,https://news.google.com/search?q=Madurai+real+estate+growth+areas+plots,True,Replace with allowed official/portal source where available
Tamil Nadu,Tiruchirappalli,Google News/manual web source placeholder,3PD-C,https://news.google.com/search?q=Tiruchirappalli+real+estate+growth+areas+plots,True,Replace with allowed official/portal source where available
Tamil Nadu,Hosur,Google News/manual web source placeholder,3PD-C,https://news.google.com/search?q=Hosur+real+estate+growth+areas+plots,True,Replace with allowed official/portal source where available
Telangana,Hyderabad,Google News/manual web source placeholder,3PD-C,https://news.google.com/search?q=Hyderabad+real+estate+growth+areas+plots,True,Replace with allowed official/portal source where available
Telangana,Warangal,Google News/manual web source placeholder,3PD-C,https://news.google.com/search?q=Warangal+real+estate+growth+areas+plots,True,Replace with allowed official/portal source where available
Telangana,Karimnagar,Google News/manual web source placeholder,3PD-C,https://news.google.com/search?q=Karimnagar+real+estate+growth+areas+plots,True,Replace with allowed official/portal source where available
Telangana,Nizamabad,Google News/manual web source placeholder,3PD-C,https://news.google.com/search?q=Nizamabad+real+estate+growth+areas+plots,True,Replace with allowed official/portal source where available
Telangana,Khammam,Google News/manual web source placeholder,3PD-C,https://news.google.com/search?q=Khammam+real+estate+growth+areas+plots,True,Replace with allowed official/portal source where available
Tripura,Agartala,Google News/manual web source placeholder,3PD-C,https://news.google.com/search?q=Agartala+real+estate+growth+areas+plots,True,Replace with allowed official/portal source where available
Tripura,Udaipur,Google News/manual web source placeholder,3PD-C,https://news.google.com/search?q=Udaipur+real+estate+growth+areas+plots,True,Replace with allowed official/portal source where available
Tripura,Dharmanagar,Google News/manual web source placeholder,3PD-C,https://news.google.com/search?q=Dharmanagar+real+estate+growth+areas+plots,True,Replace with allowed official/portal source where available
Tripura,Kailashahar,Google News/manual web source placeholder,3PD-C,https://news.google.com/search?q=Kailashahar+real+estate+growth+areas+plots,True,Replace with allowed official/portal source where available
Tripura,Belonia,Google News/manual web source placeholder,3PD-C,https://news.google.com/search?q=Belonia+real+estate+growth+areas+plots,True,Replace with allowed official/portal source where available
Uttar Pradesh,Noida,Google News/manual web source placeholder,3PD-C,https://news.google.com/search?q=Noida+real+estate+growth+areas+plots,True,Replace with allowed official/portal source where available
Uttar Pradesh,Lucknow,Google News/manual web source placeholder,3PD-C,https://news.google.com/search?q=Lucknow+real+estate+growth+areas+plots,True,Replace with allowed official/portal source where available
Uttar Pradesh,Ghaziabad,Google News/manual web source placeholder,3PD-C,https://news.google.com/search?q=Ghaziabad+real+estate+growth+areas+plots,True,Replace with allowed official/portal source where available
Uttar Pradesh,Kanpur,Google News/manual web source placeholder,3PD-C,https://news.google.com/search?q=Kanpur+real+estate+growth+areas+plots,True,Replace with allowed official/portal source where available
Uttar Pradesh,Varanasi,Google News/manual web source placeholder,3PD-C,https://news.google.com/search?q=Varanasi+real+estate+growth+areas+plots,True,Replace with allowed official/portal source where available
Uttarakhand,Dehradun,Google News/manual web source placeholder,3PD-C,https://news.google.com/search?q=Dehradun+real+estate+growth+areas+plots,True,Replace with allowed official/portal source where available
Uttarakhand,Haridwar,Google News/manual web source placeholder,3PD-C,https://news.google.com/search?q=Haridwar+real+estate+growth+areas+plots,True,Replace with allowed official/portal source where available
Uttarakhand,Rishikesh,Google News/manual web source placeholder,3PD-C,https://news.google.com/search?q=Rishikesh+real+estate+growth+areas+plots,True,Replace with allowed official/portal source where available
Uttarakhand,Haldwani,Google News/manual web source placeholder,3PD-C,https://news.google.com/search?q=Haldwani+real+estate+growth+areas+plots,True,Replace with allowed official/portal source where available
Uttarakhand,Rudrapur,Google News/manual web source placeholder,3PD-C,https://news.google.com/search?q=Rudrapur+real+estate+growth+areas+plots,True,Replace with allowed official/portal source where available
West Bengal,Kolkata,Google News/manual web source placeholder,3PD-C,https://news.google.com/search?q=Kolkata+real+estate+growth+areas+plots,True,Replace with allowed official/portal source where available
West Bengal,Siliguri,Google News/manual web source placeholder,3PD-C,https://news.google.com/search?q=Siliguri+real+estate+growth+areas+plots,True,Replace with allowed official/portal source where available
West Bengal,Durgapur,Google News/manual web source placeholder,3PD-C,https://news.google.com/search?q=Durgapur+real+estate+growth+areas+plots,True,Replace with allowed official/portal source where available
West Bengal,Asansol,Google News/manual web source placeholder,3PD-C,https://news.google.com/search?q=Asansol+real+estate+growth+areas+plots,True,Replace with allowed official/portal source where available
West Bengal,New Town,Google News/manual web source placeholder,3PD-C,https://news.google.com/search?q=New+Town+real+estate+growth+areas+plots,True,Replace with allowed official/portal source where available
Andaman and Nicobar Islands,Port Blair,Google News/manual web source placeholder,3PD-C,https://news.google.com/search?q=Port+Blair+real+estate+growth+areas+plots,True,Replace with allowed official/portal source where available
Andaman and Nicobar Islands,Havelock/Swaraj Dweep,Google News/manual web source placeholder,3PD-C,https://news.google.com/search?q=Havelock/Swaraj+Dweep+real+estate+growth+areas+plots,True,Replace with allowed official/portal source where available
Andaman and Nicobar Islands,Neil/Shaheed Dweep,Google News/manual web source placeholder,3PD-C,https://news.google.com/search?q=Neil/Shaheed+Dweep+real+estate+growth+areas+plots,True,Replace with allowed official/portal source where available
Andaman and Nicobar Islands,Mayabunder,Google News/manual web source placeholder,3PD-C,https://news.google.com/search?q=Mayabunder+real+estate+growth+areas+plots,True,Replace with allowed official/portal source where available
Andaman and Nicobar Islands,Diglipur,Google News/manual web source placeholder,3PD-C,https://news.google.com/search?q=Diglipur+real+estate+growth+areas+plots,True,Replace with allowed official/portal source where available
Chandigarh,Chandigarh,Google News/manual web source placeholder,3PD-C,https://news.google.com/search?q=Chandigarh+real+estate+growth+areas+plots,True,Replace with allowed official/portal source where available
Chandigarh,Zirakpur,Google News/manual web source placeholder,3PD-C,https://news.google.com/search?q=Zirakpur+real+estate+growth+areas+plots,True,Replace with allowed official/portal source where available
Chandigarh,Panchkula fringe,Google News/manual web source placeholder,3PD-C,https://news.google.com/search?q=Panchkula+fringe+real+estate+growth+areas+plots,True,Replace with allowed official/portal source where available
Chandigarh,Mohali fringe,Google News/manual web source placeholder,3PD-C,https://news.google.com/search?q=Mohali+fringe+real+estate+growth+areas+plots,True,Replace with allowed official/portal source where available
Chandigarh,New Chandigarh,Google News/manual web source placeholder,3PD-C,https://news.google.com/search?q=New+Chandigarh+real+estate+growth+areas+plots,True,Replace with allowed official/portal source where available
Dadra and Nagar Haveli and Daman and Diu,Silvassa,Google News/manual web source placeholder,3PD-C,https://news.google.com/search?q=Silvassa+real+estate+growth+areas+plots,True,Replace with allowed official/portal source where available
Dadra and Nagar Haveli and Daman and Diu,Daman,Google News/manual web source placeholder,3PD-C,https://news.google.com/search?q=Daman+real+estate+growth+areas+plots,True,Replace with allowed official/portal source where available
Dadra and Nagar Haveli and Daman and Diu,Diu,Google News/manual web source placeholder,3PD-C,https://news.google.com/search?q=Diu+real+estate+growth+areas+plots,True,Replace with allowed official/portal source where available
Dadra and Nagar Haveli and Daman and Diu,Khanvel,Google News/manual web source placeholder,3PD-C,https://news.google.com/search?q=Khanvel+real+estate+growth+areas+plots,True,Replace with allowed official/portal source where available
Dadra and Nagar Haveli and Daman and Diu,Naroli,Google News/manual web source placeholder,3PD-C,https://news.google.com/search?q=Naroli+real+estate+growth+areas+plots,True,Replace with allowed official/portal source where available
Delhi,Dwarka,Google News/manual web source placeholder,3PD-C,https://news.google.com/search?q=Dwarka+real+estate+growth+areas+plots,True,Replace with allowed official/portal source where available
Delhi,Rohini,Google News/manual web source placeholder,3PD-C,https://news.google.com/search?q=Rohini+real+estate+growth+areas+plots,True,Replace with allowed official/portal source where available
Delhi,Narela,Google News/manual web source placeholder,3PD-C,https://news.google.com/search?q=Narela+real+estate+growth+areas+plots,True,Replace with allowed official/portal source where available
Delhi,Najafgarh,Google News/manual web source placeholder,3PD-C,https://news.google.com/search?q=Najafgarh+real+estate+growth+areas+plots,True,Replace with allowed official/portal source where available
Delhi,Chhatarpur,Google News/manual web source placeholder,3PD-C,https://news.google.com/search?q=Chhatarpur+real+estate+growth+areas+plots,True,Replace with allowed official/portal source where available
Jammu and Kashmir,Jammu,Google News/manual web source placeholder,3PD-C,https://news.google.com/search?q=Jammu+real+estate+growth+areas+plots,True,Replace with allowed official/portal source where available
Jammu and Kashmir,Srinagar,Google News/manual web source placeholder,3PD-C,https://news.google.com/search?q=Srinagar+real+estate+growth+areas+plots,True,Replace with allowed official/portal source where available
Jammu and Kashmir,Udhampur,Google News/manual web source placeholder,3PD-C,https://news.google.com/search?q=Udhampur+real+estate+growth+areas+plots,True,Replace with allowed official/portal source where available
Jammu and Kashmir,Kathua,Google News/manual web source placeholder,3PD-C,https://news.google.com/search?q=Kathua+real+estate+growth+areas+plots,True,Replace with allowed official/portal source where available
Jammu and Kashmir,Anantnag,Google News/manual web source placeholder,3PD-C,https://news.google.com/search?q=Anantnag+real+estate+growth+areas+plots,True,Replace with allowed official/portal source where available
Ladakh,Leh,Google News/manual web source placeholder,3PD-C,https://news.google.com/search?q=Leh+real+estate+growth+areas+plots,True,Replace with allowed official/portal source where available
Ladakh,Kargil,Google News/manual web source placeholder,3PD-C,https://news.google.com/search?q=Kargil+real+estate+growth+areas+plots,True,Replace with allowed official/portal source where available
Ladakh,Nubra,Google News/manual web source placeholder,3PD-C,https://news.google.com/search?q=Nubra+real+estate+growth+areas+plots,True,Replace with allowed official/portal source where available
Ladakh,Diskit,Google News/manual web source placeholder,3PD-C,https://news.google.com/search?q=Diskit+real+estate+growth+areas+plots,True,Replace with allowed official/portal source where available
Ladakh,Drass,Google News/manual web source placeholder,3PD-C,https://news.google.com/search?q=Drass+real+estate+growth+areas+plots,True,Replace with allowed official/portal source where available
Lakshadweep,Kavaratti,Google News/manual web source placeholder,3PD-C,https://news.google.com/search?q=Kavaratti+real+estate+growth+areas+plots,True,Replace with allowed official/portal source where available
Lakshadweep,Agatti,Google News/manual web source placeholder,3PD-C,https://news.google.com/search?q=Agatti+real+estate+growth+areas+plots,True,Replace with allowed official/portal source where available
Lakshadweep,Minicoy,Google News/manual web source placeholder,3PD-C,https://news.google.com/search?q=Minicoy+real+estate+growth+areas+plots,True,Replace with allowed official/portal source where available
Lakshadweep,Amini,Google News/manual web source placeholder,3PD-C,https://news.google.com/search?q=Amini+real+estate+growth+areas+plots,True,Replace with allowed official/portal source where available
Lakshadweep,Andrott,Google News/manual web source placeholder,3PD-C,https://news.google.com/search?q=Andrott+real+estate+growth+areas+plots,True,Replace with allowed official/portal source where available
Puducherry,Puducherry,Google News/manual web source placeholder,3PD-C,https://news.google.com/search?q=Puducherry+real+estate+growth+areas+plots,True,Replace with allowed official/portal source where available
Puducherry,Karaikal,Google News/manual web source placeholder,3PD-C,https://news.google.com/search?q=Karaikal+real+estate+growth+areas+plots,True,Replace with allowed official/portal source where available
Puducherry,Yanam,Google News/manual web source placeholder,3PD-C,https://news.google.com/search?q=Yanam+real+estate+growth+areas+plots,True,Replace with allowed official/portal source where available
Puducherry,Mahe,Google News/manual web source placeholder,3PD-C,https://news.google.com/search?q=Mahe+real+estate+growth+areas+plots,True,Replace with allowed official/portal source where available
Puducherry,Villianur,Google News/manual web source placeholder,3PD-C,https://news.google.com/search?q=Villianur+real+estate+growth+areas+plots,True,Replace with allowed official/portal source where available
